customer_id,name,email,phone,city,join_date
CUST-10000,Eiravati Badami,yashvi01@example.org,6066454342,Abu Dhabi,2025-07-31
CUST-10001,Garima Chadha,shenoyjagdish@example.org,07584148380,Ajman,2025-03-03
CUST-10002,Krisha Buch,riawali@example.org,+913668300039,Dubai,2026-01-19
CUST-10003,Vaishnavi Wable,mayaghose@example.com,9141004443,Dubai,2026-07-06
CUST-10004,Yashasvi Keer,zkrishnan@example.net,2410858317,Dubai,2025-07-01
CUST-10005,Daniel Pall,parthmalhotra@example.org,3181968209,Ajman,2025-11-21
CUST-10006,Ojasvi Pall,sloyal@example.net,+916606076960,Sharjah,2025-10-18
CUST-10007,Lohit Kibe,kalarachit@example.org,6541027337,Abu Dhabi,2025-10-11
CUST-10008,Udant Zacharia,rajagopalwishi@example.net,9508408677,Abu Dhabi,2025-12-11
CUST-10009,Manan Tiwari,baradyashodhara@example.com,+911288295799,Sharjah,2025-06-08
CUST-10010,Damini Salvi,jkorpal@example.org,4099692662,Ajman,2025-10-05
CUST-10011,Odika More,zarnasahota@example.org,03429204165,Abu Dhabi,2025-10-12
CUST-10012,Tanay Buch,laban70@example.org,07586402385,Dubai,2025-08-01
CUST-10013,Amaira Hayre,madhavbadami@example.org,+913333221597,Sharjah,2025-10-02
CUST-10014,Finn Taneja,daterudra@example.net,+918075574262,Dubai,2026-02-21
CUST-10015,Vaishnavi Apte,farisbiswas@example.com,09555144349,Dubai,2025-06-15
CUST-10016,Jeremiah Sampath,wvenkatesh@example.org,+916748580437,Dubai,2025-03-13
CUST-10017,Viraj Edwin,neelimarai@example.org,03917868177,Abu Dhabi,2025-10-08
CUST-10018,Yug Rai,yashawiniprabhu@example.org,4417628298,Sharjah,2026-06-06
CUST-10019,Finn Bhandari,zmajumdar@example.org,+911762465544,Sharjah,2026-01-24
CUST-10020,Ira Vohra,edhitha86@example.com,6313831495,Dubai,2026-08-13
CUST-10021,Ishwar Korpal,samraaditya@example.net,04446121309,Ajman,2026-01-30
CUST-10022,Jalsa Kara,purimitesh@example.com,+919878649849,Abu Dhabi,2024-10-05
CUST-10023,Sai Dasgupta,ravivarsha@example.net,5784864597,Ajman,2025-07-22
CUST-10024,Sai Prashad,borraurishilla@example.com,06377849891,Dubai,2026-07-11
CUST-10025,Hemang Oommen,bahriavni@example.net,07135411091,Abu Dhabi,2025-06-04
CUST-10026,Isaiah Ravel,aggarwaljairaj@example.net,+914050359495,Dubai,2025-10-22
CUST-10027,Wriddhish Hayer,krishdakshesh@example.com,9968563058,Ajman,2025-09-08
CUST-10028,Neel Bhagat,dshenoy@example.net,2639630911,Sharjah,2025-03-17
CUST-10029,Varenya Keer,aadisetty@example.com,04144471519,Ajman,2025-09-28
CUST-10030,Orinder Chauhan,ganga13@example.net,+911548057384,Dubai,2026-08-31
CUST-10031,Amruta Chawla,raviwishi@example.com,08347897703,Abu Dhabi,2026-09-14
CUST-10032,Rachana Sule,omkaarpant@example.com,9764851425,Ajman,2026-08-02
CUST-10033,Anita Khatri,rohan10@example.com,0525190651,Sharjah,2025-06-15
CUST-10034,Jagrati Date,aroraishanvi@example.net,+919615309528,Ajman,2025-09-15
CUST-10035,Ucchal Halder,palvedika@example.org,02248516466,Abu Dhabi,2026-01-19
CUST-10036,Nisha Trivedi,mekhalarajagopalan@example.net,+910030834656,Sharjah,2026-08-11
CUST-10037,Jonathan Varkey,bswaminathan@example.org,7191111612,Dubai,2024-11-12
CUST-10038,Tara Bahri,nbora@example.com,0207692978,Ajman,2026-03-28
CUST-10039,Ekansh Arya,parmararyan@example.org,5510921818,Sharjah,2024-10-23
CUST-10040,Balendra Choudhry,shravya68@example.net,05136620923,Abu Dhabi,2026-09-08
CUST-10041,Noah Biswas,dharekapad@example.org,+916560957388,Abu Dhabi,2025-11-01
CUST-10042,Barkha Goswami,nimrat79@example.org,00695643499,Sharjah,2025-10-16
CUST-10043,Isha Hora,neel48@example.com,+911198456454,Sharjah,2025-06-19
CUST-10044,Wriddhish Bhat,kbassi@example.com,+915720225815,Ajman,2026-03-19
CUST-10045,Mitesh Kapur,nitara74@example.com,7989290434,Abu Dhabi,2025-04-30
CUST-10046,Andrew Wali,lankalucky@example.org,4071467403,Ajman,2024-10-30
CUST-10047,Zehaan Baral,ekaniramaswamy@example.org,05558134655,Ajman,2025-06-19
CUST-10048,Lopa Guha,panchalwazir@example.com,01845888650,Sharjah,2025-06-17
CUST-10049,Adya Chauhan,walitanveer@example.net,+912393347691,Sharjah,2025-02-16
CUST-10050,Sai Soman,balacharles@example.org,+915865896473,Dubai,2025-02-05
CUST-10051,Vaishnavi Kannan,sureshraghav@example.net,+915016055832,Abu Dhabi,2025-04-16
CUST-10052,Chanakya Gala,chakrabortyansh@example.com,+913688160970,Sharjah,2025-07-30
CUST-10053,Mitesh Rege,ira92@example.net,06545633612,Ajman,2026-09-05
CUST-10054,Shravya Subramaniam,vinayasubramaniam@example.com,06019035324,Ajman,2024-10-29
CUST-10055,Tripti Zachariah,sathvikbhagat@example.net,+910262898979,Dubai,2025-05-13
CUST-10056,Nicholas Ramesh,jiyengar@example.com,9694327436,Sharjah,2025-12-21
CUST-10057,Yagnesh Acharya,jbedi@example.org,+918851364571,Abu Dhabi,2026-06-23
CUST-10058,Radhika Konda,dugarsanaya@example.org,+915278563646,Sharjah,2024-12-09
CUST-10059,Wridesh Wable,mahikakannan@example.org,+910067805672,Sharjah,2025-02-20
CUST-10060,Radha Oommen,zansi69@example.com,1826698773,Ajman,2025-06-30
CUST-10061,Ekani Yogi,bdora@example.net,8430947061,Abu Dhabi,2025-06-05
CUST-10062,Harrison Khurana,owalla@example.net,08212696190,Dubai,2025-04-07
CUST-10063,Bhavika Vasa,krishnirja@example.com,04383441959,Abu Dhabi,2026-08-30
CUST-10064,Manthan Wadhwa,mandalrishi@example.net,05851912176,Sharjah,2026-07-26
CUST-10065,Avi Sankar,abhabanerjee@example.org,9707668162,Abu Dhabi,2024-10-20
CUST-10066,Janya Bala,kallaira@example.net,+917620359792,Ajman,2025-10-01
CUST-10067,Mugdha Munshi,charvimody@example.net,03521366666,Dubai,2026-06-23
CUST-10068,Vaishnavi Agrawal,sanayabhatti@example.com,5260574416,Abu Dhabi,2025-05-08
CUST-10069,Divya Oak,chackovasana@example.org,8263169143,Ajman,2026-01-01
CUST-10070,Yug Dewan,vbahl@example.org,8041870994,Ajman,2026-04-09
CUST-10071,Jagat Mitra,amruta96@example.com,03326439854,Sharjah,2026-09-18
CUST-10072,Jagdish Narang,adyakrish@example.org,07314387912,Ajman,2024-12-01
CUST-10073,Turvi Mann,nitara68@example.net,08035808115,Ajman,2025-02-22
CUST-10074,Lajita Chaudhry,kharedamini@example.org,+915411762573,Dubai,2026-07-05
CUST-10075,Urmi Grover,vchad@example.org,01308485665,Ajman,2024-10-01
CUST-10076,Prisha Dewan,samuel36@example.net,+915199805274,Dubai,2025-09-18
CUST-10077,Shivani Kala,vdeshpande@example.com,0987841589,Sharjah,2026-08-03
CUST-10078,Triveni Dyal,dugalsamarth@example.org,00087940384,Ajman,2025-11-27
CUST-10079,Tanmayi Bose,kevin47@example.com,08990078068,Dubai,2026-06-17
CUST-10080,Krisha Dube,aarushkrish@example.net,09373687888,Ajman,2025-08-28
CUST-10081,Utkarsh Sankar,oshenoy@example.com,3365029983,Abu Dhabi,2025-11-23
CUST-10082,Zayyan Nagi,gayathri76@example.com,+916630374554,Abu Dhabi,2024-10-21
CUST-10083,Janya Lanka,surajalsa@example.org,+911476014996,Sharjah,2025-04-16
CUST-10084,Jalsa Dixit,agokhale@example.org,+915080041029,Abu Dhabi,2026-03-05
CUST-10085,Tarak Contractor,chandani11@example.net,+910586485698,Dubai,2026-08-22
CUST-10086,Frado Singhal,kalitaira@example.net,0254572003,Sharjah,2026-07-09
CUST-10087,Hitesh Karpe,wakeeta33@example.com,04608578326,Ajman,2026-07-07
CUST-10088,Bachittar Mukhopadhyay,guneetkonda@example.net,+910255356316,Ajman,2026-01-08
CUST-10089,Aayush Gera,hansaashi@example.net,3017143878,Abu Dhabi,2026-05-17
CUST-10090,Jagat Dass,wapte@example.com,1469291680,Sharjah,2026-04-26
CUST-10091,Xavier Sengupta,iyerisaac@example.net,0838831880,Dubai,2025-08-05
CUST-10092,Vivaan Sant,lanand@example.net,+914633380410,Ajman,2025-09-29
CUST-10093,Naveen Master,cheemayochana@example.net,+919334428261,Sharjah,2025-12-25
CUST-10094,Samaksh Singh,abhakta@example.org,00982569653,Sharjah,2026-05-30
CUST-10095,Radhika Krishnan,libnikalita@example.net,0665693722,Ajman,2026-04-03
CUST-10096,Anjali Doshi,qbajaj@example.org,+915734159761,Abu Dhabi,2025-04-01
CUST-10097,Siddharth Swaminathan,rachitaarora@example.com,2849822680,Ajman,2025-09-11
CUST-10098,Vinaya Ravi,victorpurohit@example.net,+910518864923,Sharjah,2025-06-26
CUST-10099,Tanveer Saini,nakul00@example.com,06825092101,Ajman,2025-06-20
CUST-10100,Nitara Golla,kdyal@example.org,8271884590,Ajman,2026-06-04
CUST-10101,Chanakya Lalla,raagini77@example.org,07192686117,Sharjah,2024-11-12
CUST-10102,Gaurav Varughese,ishanvi20@example.net,9211283105,Ajman,2025-04-26
CUST-10103,Ekanta Saran,umangsinghal@example.org,+914866265194,Ajman,2025-02-19
CUST-10104,Jacob Bala,kalegagan@example.net,08244369076,Dubai,2025-01-01
CUST-10105,Yagnesh Sehgal,akshay04@example.org,+918158601927,Dubai,2026-01-07
CUST-10106,Harrison Loke,obalakrishnan@example.net,08682188998,Dubai,2026-09-14
CUST-10107,Timothy Naidu,yashpurohit@example.net,5261402970,Abu Dhabi,2026-04-03
CUST-10108,Oliver Bir,yashawinigarde@example.com,+919150354931,Abu Dhabi,2026-05-24
CUST-10109,Jack Thakkar,nachiket28@example.net,+915319687031,Ajman,2026-08-16
CUST-10110,Dipta Seth,yahvi78@example.org,06322151333,Dubai,2024-12-04
CUST-10111,Eshana Varghese,kohlidevika@example.org,3174714391,Sharjah,2025-10-31
CUST-10112,Qadim Rama,onarayan@example.org,06643412750,Abu Dhabi,2026-05-02
CUST-10113,Zashil Chauhan,contractoragastya@example.org,+911664361138,Ajman,2025-10-17
CUST-10114,Saksham Sodhi,qbahri@example.org,+910207071424,Sharjah,2025-12-31
CUST-10115,Anmol Agarwal,lipika50@example.org,3251854133,Sharjah,2026-06-11
CUST-10116,Harrison Mallick,baghyawati51@example.org,00927769789,Ajman,2025-01-24
CUST-10117,Vasudha Dave,hegdejason@example.com,02524895334,Ajman,2026-07-07
CUST-10118,Rajeshri Deshmukh,rachitarana@example.net,04328636157,Ajman,2025-01-25
CUST-10119,Samar Munshi,raoyashoda@example.org,3231654640,Abu Dhabi,2026-08-18
CUST-10120,Aarini Char,ranveer48@example.com,2634740320,Abu Dhabi,2024-09-30
CUST-10121,Hiral Nigam,sharafchasmum@example.net,8594849929,Ajman,2025-08-02
CUST-10122,Ayush Buch,kharekala@example.org,+917639436723,Ajman,2026-09-06
CUST-10123,Jack Tak,kamya77@example.net,09394977299,Sharjah,2026-08-18
CUST-10124,Ishwar Talwar,sawhneyanusha@example.org,3050059516,Dubai,2025-08-24
CUST-10125,Vasudha Bajaj,xnigam@example.org,08785398916,Dubai,2025-05-12
CUST-10126,Lipika Kuruvilla,riya58@example.com,09743734234,Abu Dhabi,2026-06-22
CUST-10127,Mitali Dave,odikachar@example.com,8231175309,Ajman,2026-05-21
CUST-10128,Janaki Vasa,bhavini06@example.com,6489082365,Abu Dhabi,2025-11-09
CUST-10129,Gopal Chokshi,raagini63@example.com,0497001861,Ajman,2026-03-22
CUST-10130,Azad Singhal,murthyhardik@example.net,06598141508,Abu Dhabi,2026-06-20
CUST-10131,Hemang Banik,mayakade@example.net,03268702083,Abu Dhabi,2026-03-20
CUST-10132,Meghana Bose,shivansh60@example.com,05320344017,Ajman,2026-03-14
CUST-10133,Oeshi Arora,zilmildash@example.net,+911601962895,Abu Dhabi,2026-09-07
CUST-10134,Yatin Murty,krishna00@example.net,8870792813,Ajman,2026-05-20
CUST-10135,Pavani Bera,nairabeer@example.com,+913416802282,Dubai,2026-01-05
CUST-10136,Wazir Chaudry,dhawanfariq@example.org,01170786581,Abu Dhabi,2026-07-06
CUST-10137,Wridesh Sen,anitamitter@example.com,+919098564841,Abu Dhabi,2025-07-03
CUST-10138,Dipta Ramakrishnan,warhi33@example.com,00006443042,Ajman,2025-01-18
CUST-10139,Krish Puri,shora@example.org,+911918291594,Dubai,2025-07-22
CUST-10140,Theodore Malhotra,usheth@example.org,+917106021968,Dubai,2026-07-31
CUST-10141,Advay Bawa,harsh92@example.net,0618596121,Dubai,2026-01-11
CUST-10142,Ikshita Tripathi,idevi@example.org,+911123912459,Dubai,2025-11-29
CUST-10143,Falguni Mitra,tkari@example.com,00501884609,Abu Dhabi,2026-01-17
CUST-10144,Harita Kamdar,zaitra07@example.com,+913384951020,Dubai,2026-02-20
CUST-10145,Balhaar Majumdar,veda09@example.com,9748555940,Ajman,2024-11-29
CUST-10146,Amaira Narasimhan,bsachar@example.org,+911271505350,Sharjah,2025-12-17
CUST-10147,Vrinda Ravi,vinaya49@example.com,6112389536,Dubai,2025-07-31
CUST-10148,Yutika Deo,pailaksh@example.net,+912592014260,Abu Dhabi,2025-05-09
CUST-10149,Champak Kala,dattadipta@example.net,+914147588252,Sharjah,2025-04-25
CUST-10150,William Keer,ekavir29@example.org,07254883763,Ajman,2025-05-06
CUST-10151,Faras Mukhopadhyay,neelsandal@example.org,+913496809046,Dubai,2025-05-03
CUST-10152,Upadhriti Amble,shivaninagar@example.org,+913796571737,Sharjah,2026-01-18
CUST-10153,Chandresh Cheema,tanishkar@example.com,7676000622,Abu Dhabi,2025-10-22
CUST-10154,Vedika Shere,david38@example.com,+916556050948,Sharjah,2025-02-25
CUST-10155,Urvashi Sundaram,yohannanbrijesh@example.net,+915769181259,Ajman,2026-08-07
CUST-10156,Mekhala Wali,ekapad69@example.org,+919890547255,Abu Dhabi,2025-09-10
CUST-10157,Kashish Anand,enori@example.org,07463729351,Sharjah,2026-09-22
CUST-10158,Timothy Murty,udar@example.com,0367713860,Ajman,2025-05-01
CUST-10159,Qasim Sangha,chandran59@example.org,04393578567,Abu Dhabi,2026-07-13
CUST-10160,Mekhala Koshy,kamdarkrishna@example.org,03804189207,Ajman,2025-04-17
CUST-10161,Abeer Naidu,andraabha@example.org,2863410319,Dubai,2026-04-10
CUST-10162,Sanya Nagi,abhirampandit@example.org,+916967165657,Ajman,2026-08-27
CUST-10163,Vasatika Bajwa,kevin96@example.org,03537410761,Dubai,2025-05-09
CUST-10164,Maanas Chad,jonathanagrawal@example.net,01048457360,Abu Dhabi,2025-07-02
CUST-10165,Daksh Ganesh,hayerarya@example.org,+912139905971,Ajman,2025-12-15
CUST-10166,Jyoti Ramachandran,kmitra@example.net,+910981227817,Dubai,2025-10-25
CUST-10167,Lakshit Kannan,joshua10@example.net,+918692136933,Abu Dhabi,2025-07-05
CUST-10168,Inaya Magar,achahal@example.org,+913726236358,Sharjah,2026-06-23
CUST-10169,Chatura Suri,zvig@example.com,04358208948,Sharjah,2026-03-06
CUST-10170,Darpan Malhotra,bmadan@example.com,+916070601411,Sharjah,2025-10-28
CUST-10171,Bhavini Sarkar,pratyushramanathan@example.com,7327510139,Abu Dhabi,2025-01-30
CUST-10172,Chanchal Rama,kkohli@example.com,8728504785,Sharjah,2024-11-02
CUST-10173,Turvi Bala,bawaadvika@example.com,0438854369,Ajman,2026-02-16
CUST-10174,Xalak Gera,avninayar@example.net,02426312857,Abu Dhabi,2025-10-19
CUST-10175,Ati Sandal,devika77@example.org,02063794033,Abu Dhabi,2025-09-10
CUST-10176,Christopher Nazareth,grewalishanvi@example.org,+912221835284,Abu Dhabi,2026-06-06
CUST-10177,Viraj Sankar,isaiah38@example.com,09547594689,Sharjah,2025-07-19
CUST-10178,Ekantika Dubey,vasanasunder@example.org,03371751063,Ajman,2025-12-12
CUST-10179,Turvi Badal,bnarayanan@example.com,+911818201832,Dubai,2026-09-05
CUST-10180,Matthew Desai,naksh00@example.com,+918320889835,Abu Dhabi,2026-05-31
CUST-10181,Shivani Bose,chackooscar@example.net,09385291741,Sharjah,2025-02-12
CUST-10182,Mekhala Sant,sagarwal@example.com,1387739943,Ajman,2026-02-15
CUST-10183,Rishi Bakshi,mgarg@example.org,9826577716,Abu Dhabi,2026-02-07
CUST-10184,Ridhi Ranganathan,guptaqarin@example.net,+916231896928,Abu Dhabi,2026-08-13
CUST-10185,Eta Yogi,hdhar@example.net,7742045443,Dubai,2026-08-14
CUST-10186,Noah Comar,dugartanvi@example.org,+918644101895,Sharjah,2026-09-21
CUST-10187,Zaitra Chowdhury,patelgautami@example.org,3297493919,Dubai,2025-07-13
CUST-10188,Tamanna Sehgal,thakkarnachiket@example.com,04665168715,Sharjah,2024-11-03
CUST-10189,Sai Patel,bhandariisaac@example.net,3859284791,Ajman,2025-11-17
CUST-10190,Gabriel Tandon,shettyaadi@example.net,5561477081,Sharjah,2024-12-09
CUST-10191,Tarak Dave,omkaarbahl@example.org,+919487157923,Dubai,2026-01-20
CUST-10192,Krish Ramaswamy,mistrysaanvi@example.net,03536935422,Ajman,2026-05-21
CUST-10193,Balhaar Chakrabarti,gagansuri@example.org,04858531592,Abu Dhabi,2025-05-21
CUST-10194,Reva Sen,ekansh87@example.net,+911467984963,Abu Dhabi,2026-04-25
CUST-10195,Frederick Rama,xkaul@example.org,+916515051864,Dubai,2024-11-14
CUST-10196,Caleb Singhal,wdugar@example.org,05366159548,Ajman,2025-04-08
CUST-10197,Udyati Srinivas,fariskalita@example.net,06249889382,Sharjah,2025-01-12
CUST-10198,Vyanjana Kala,spurohit@example.com,04354574498,Dubai,2025-03-27
CUST-10199,Oliver Krishnan,gbaria@example.net,+910078091629,Ajman,2026-05-30
CUST-10200,Panini Ben,swamygautam@example.org,+918137115475,Dubai,2025-03-10
CUST-10201,Lila Raman,ishani89@example.net,+914449323291,Abu Dhabi,2025-08-16
CUST-10202,Quincy Sethi,garimakala@example.org,07323950055,Abu Dhabi,2024-10-15
CUST-10203,Parth Khanna,yagnesh62@example.net,7765672354,Abu Dhabi,2026-07-26
CUST-10204,Yoshita Sagar,neel15@example.net,9453174187,Dubai,2024-10-16
CUST-10205,Wazir Raval,dayamaidhaliwal@example.org,04852526275,Abu Dhabi,2026-01-25
CUST-10206,Ayush Goda,girindra30@example.net,+918403205442,Dubai,2025-11-04
CUST-10207,Thomas Ravel,siddharthvarma@example.net,+913546432879,Dubai,2025-07-04
CUST-10208,Pallavi Mitra,lwason@example.org,01394310434,Ajman,2024-10-15
CUST-10209,Hema Basu,siyabassi@example.com,+913797328265,Dubai,2024-11-02
CUST-10210,Advika Mahal,patlazehaan@example.com,03182294993,Dubai,2025-05-13
CUST-10211,Anay Pingle,abhiram30@example.org,+910065110853,Abu Dhabi,2024-11-23
CUST-10212,Shivani Vasa,zarnawali@example.org,8487695790,Sharjah,2025-03-01
CUST-10213,Dhriti Prasad,shettynitesh@example.org,01924489186,Sharjah,2025-07-22
CUST-10214,Prisha Saha,vanya80@example.com,08471711140,Abu Dhabi,2025-07-17
CUST-10215,Advaith Chandra,hbora@example.net,09511629083,Dubai,2025-06-29
CUST-10216,Ucchal Pillay,kapoorveda@example.com,+917880922317,Sharjah,2025-05-31
CUST-10217,Charles Iyer,venkataramanekavir@example.com,2503934618,Ajman,2026-05-24
CUST-10218,Bishakha Cheema,azad04@example.com,+910536257990,Ajman,2025-03-10
CUST-10219,Mekhala Bansal,apathak@example.net,03382295183,Abu Dhabi,2025-12-16
CUST-10220,Ojas Dua,hraju@example.org,0984583410,Dubai,2025-10-02
CUST-10221,Aahana Badal,chakrabortypranit@example.com,09772884432,Abu Dhabi,2025-08-23
CUST-10222,Ekani Dhar,rrajagopalan@example.net,2382611536,Sharjah,2025-05-17
CUST-10223,Anthony Naidu,tristan16@example.org,01485216741,Dubai,2025-08-16
CUST-10224,Lekha Sahni,horawarinder@example.net,+911385590946,Dubai,2026-03-25
CUST-10225,Tamanna Baria,wriddhish20@example.com,5419424773,Dubai,2026-04-23
CUST-10226,Harshil Talwar,januja77@example.org,+915598759161,Sharjah,2025-12-02
CUST-10227,Dayita Chauhan,kborah@example.com,+912185915216,Abu Dhabi,2025-06-24
CUST-10228,Ekavir Gulati,usami@example.net,9668849940,Ajman,2025-05-19
CUST-10229,Vaishnavi Mahal,gagan86@example.net,+912559930521,Sharjah,2026-04-16
CUST-10230,Amrita Hora,ishakala@example.net,+912891284134,Ajman,2025-02-01
CUST-10231,Maya Purohit,imaranbose@example.net,04533085639,Dubai,2025-04-17
CUST-10232,Tanish Yadav,anyanori@example.com,+913623518337,Sharjah,2026-03-30
CUST-10233,Gaurav Bose,toorcharita@example.com,05765299204,Dubai,2025-04-13
CUST-10234,Reva Yogi,henrydevi@example.org,03263264243,Abu Dhabi,2026-04-16
CUST-10235,Oeshi Barman,upadhriti07@example.com,2029518996,Dubai,2024-12-18
CUST-10236,Chavvi Sawhney,xmerchant@example.com,4149256609,Sharjah,2025-12-03
CUST-10237,Unni Sarraf,kamala38@example.net,+910623765958,Dubai,2025-11-01
CUST-10238,Ekapad Andra,william78@example.com,8419232968,Sharjah,2024-10-15
CUST-10239,Osha Seth,chowdhuryaadhya@example.com,02832819491,Sharjah,2026-08-10
CUST-10240,Advika Kala,chaaya52@example.net,4981195185,Dubai,2025-07-23
CUST-10241,Eshana Ganesh,arin17@example.org,+912135259213,Sharjah,2025-02-28
CUST-10242,Sanya Khare,bmenon@example.net,02119961655,Dubai,2026-03-11
CUST-10243,Manthan Pillai,lekha92@example.net,7601556089,Sharjah,2025-06-18
CUST-10244,Laksh Raghavan,vincent69@example.net,+918777853119,Ajman,2025-11-26
CUST-10245,Pahal Subramaniam,abhabarad@example.org,02635453471,Dubai,2025-06-18
CUST-10246,Warhi Arora,atipatil@example.org,+915741883737,Dubai,2026-08-02
CUST-10247,Vyanjana Srinivas,wakeeta31@example.org,+911937424062,Sharjah,2025-02-04
CUST-10248,Daniel Chokshi,tarak38@example.org,08901197508,Ajman,2025-06-10
CUST-10249,Xalak Hora,garima92@example.org,03916625159,Dubai,2026-01-21
CUST-10250,Wriddhish Sarna,ojasvidoctor@example.org,+914924619264,Abu Dhabi,2026-04-12
CUST-10251,Chandani Nazareth,randhawabachittar@example.org,+919720718505,Abu Dhabi,2025-11-16
CUST-10252,Barkha Sankar,hkohli@example.net,02420181132,Sharjah,2025-10-16
CUST-10253,Advay Rajagopalan,widisha59@example.com,+914063784704,Ajman,2024-10-27
CUST-10254,Ishita Luthra,fchaudhari@example.com,+919082943039,Dubai,2025-12-07
CUST-10255,Hiral Savant,turvi21@example.com,+911744099689,Abu Dhabi,2024-10-28
CUST-10256,Ayaan Nori,chaudharypahal@example.com,+913481677319,Ajman,2026-09-03
CUST-10257,Krishna Bava,nikitaguha@example.net,6883878031,Abu Dhabi,2026-01-26
CUST-10258,Rishi Kadakia,raoijaya@example.org,+917729728134,Ajman,2026-08-25
CUST-10259,Vanya Kade,elijahsankar@example.org,0384324061,Ajman,2025-10-01
CUST-10260,Ranbir Rana,rehaanmani@example.org,+913843322900,Abu Dhabi,2024-12-17
CUST-10261,Harrison Mander,kuruvillamanan@example.com,+912711073744,Dubai,2026-02-11
CUST-10262,Yatan Tata,rushiltiwari@example.org,+919620204042,Ajman,2025-08-12
CUST-10263,Damyanti Gandhi,wdeep@example.net,05908161038,Abu Dhabi,2026-06-08
CUST-10264,Fiyaz Shanker,indira16@example.org,+913104904606,Abu Dhabi,2026-09-13
CUST-10265,Warda Rajagopal,abhimanyuoommen@example.org,07627277743,Dubai,2025-06-06
CUST-10266,Manthan Narayan,egolla@example.org,00140692882,Sharjah,2025-06-18
CUST-10267,Meera Natt,oshankar@example.org,+911165853986,Abu Dhabi,2025-11-11
CUST-10268,Azad Setty,andrew86@example.com,03316491658,Abu Dhabi,2024-11-14
CUST-10269,Samesh Pall,ucchalsengupta@example.net,1903956245,Sharjah,2025-11-30
CUST-10270,Ansh Raman,tsaha@example.org,9962929015,Ajman,2025-01-10
CUST-10271,Bahadurjit Naidu,hiralraval@example.net,+917804636282,Sharjah,2025-12-05
CUST-10272,Charles Narayanan,borrakabir@example.com,+914516972534,Ajman,2026-04-30
CUST-10273,Gaurika Varkey,chahalcharvi@example.org,8331985378,Dubai,2026-04-08
CUST-10274,Dakshesh Ramachandran,jairaj59@example.org,8552520845,Sharjah,2025-02-23
CUST-10275,Yatan Ben,amaira14@example.net,9822948222,Sharjah,2026-08-25
CUST-10276,Udyati Palla,dayamai89@example.org,05358696035,Abu Dhabi,2025-03-03
CUST-10277,Garima Ram,jhalder@example.net,5590701005,Sharjah,2025-03-07
CUST-10278,Elijah Dayal,chakradharmohanty@example.net,2009212242,Ajman,2025-05-04
CUST-10279,Hredhaan Bhat,spandya@example.org,+912997121729,Abu Dhabi,2025-03-20
CUST-10280,Bhavya Apte,xavier16@example.com,+913618590660,Ajman,2026-05-29
CUST-10281,Panini Dave,lajita46@example.net,+910528600188,Ajman,2025-11-17
CUST-10282,Forum Rao,kauroeshi@example.net,9038346416,Abu Dhabi,2025-01-08
CUST-10283,Abdul Virk,mahika16@example.net,+918153861556,Ajman,2025-06-27
CUST-10284,Agastya Anand,sathvik68@example.com,1165247291,Abu Dhabi,2025-08-02
CUST-10285,Ria Majumdar,jagvi33@example.com,01997599397,Abu Dhabi,2025-11-24
CUST-10286,Tamanna Agarwal,laksh64@example.net,+913285597413,Ajman,2026-06-16
CUST-10287,Kritika Mann,abhiram22@example.org,05778175322,Dubai,2025-07-25
CUST-10288,Ekalinga Kari,nakshchacko@example.net,09012896499,Abu Dhabi,2025-01-12
CUST-10289,Ikshita Chaudhari,ldalia@example.com,7054351091,Dubai,2025-12-11
CUST-10290,Sai Badami,parthpant@example.net,+912822721316,Abu Dhabi,2025-07-25
CUST-10291,Meghana Venkatesh,jloyal@example.org,9786325003,Ajman,2026-07-02
CUST-10292,Vedant Reddy,issacishita@example.net,+911798104088,Dubai,2026-03-29
CUST-10293,Lajita Nayar,sarafmugdha@example.com,+916412602089,Ajman,2025-09-28
CUST-10294,Gautami Khanna,faraj36@example.net,0793743902,Sharjah,2026-05-15
CUST-10295,Ridhi Brahmbhatt,qvaidya@example.org,+917804272178,Dubai,2026-03-17
CUST-10296,Charita Vig,jkulkarni@example.com,03224700866,Sharjah,2026-06-07
CUST-10297,Nidra Verma,wardasidhu@example.org,01014602103,Sharjah,2025-07-15
CUST-10298,Kavya Luthra,rmukherjee@example.com,+912546396591,Dubai,2025-03-17
CUST-10299,Arunima Arora,wridesh14@example.com,01754672845,Sharjah,2025-02-08
CUST-10300,Charan Datta,brindalala@example.com,06325959491,Abu Dhabi,2025-06-16
CUST-10301,Wahab Kari,nazarethinaya@example.net,+913798340582,Ajman,2026-08-15
CUST-10302,Varenya Yohannan,wyatt69@example.org,01591706264,Sharjah,2024-12-09
CUST-10303,Mason Cherian,leelacomar@example.net,2269553330,Sharjah,2025-04-26
CUST-10304,Vidhi Sengupta,lwarrior@example.org,+919199301796,Sharjah,2026-01-06
CUST-10305,Nihal Prabhakar,kadakiaijaya@example.org,03686885195,Ajman,2026-01-09
CUST-10306,Unnati Amble,jhadayita@example.org,05533549930,Abu Dhabi,2025-08-17
CUST-10307,Jatin Doctor,petersampath@example.com,7763337736,Sharjah,2025-09-11
CUST-10308,Gaurika Sankaran,nandini96@example.com,+913074265277,Dubai,2026-02-18
CUST-10309,Amrita Balan,dharchandran@example.org,00033198017,Ajman,2025-09-15
CUST-10310,Charan Som,qchar@example.net,+910120760083,Ajman,2024-12-21
CUST-10311,Ishanvi Johal,gautami76@example.net,+914035226677,Abu Dhabi,2026-03-26
CUST-10312,Anirudh Tandon,dugarpranav@example.net,+912767418299,Dubai,2025-01-21
CUST-10313,Lakshmi Sunder,kparekh@example.org,03283953105,Ajman,2026-04-19
CUST-10314,Sai Seshadri,kom@example.com,4567848644,Abu Dhabi,2025-02-15
CUST-10315,Rachit Andra,pavani07@example.net,+917234248531,Ajman,2026-04-07
CUST-10316,Aishani Mistry,aloke@example.com,0815729264,Ajman,2025-01-13
CUST-10317,Neha Cherian,isaiahravel@example.com,2095951025,Abu Dhabi,2026-06-08
CUST-10318,Inaya Dyal,birutkarsh@example.net,03057008738,Sharjah,2025-11-07
CUST-10319,Hemangini Sarin,yuggaba@example.net,06352626425,Abu Dhabi,2025-03-16
CUST-10320,Wyatt Thaker,cloyal@example.com,+910693166647,Dubai,2026-01-31
CUST-10321,Vasatika Jaggi,panditdalaja@example.net,+916668839233,Ajman,2026-08-24
CUST-10322,Tripti Raghavan,bavafaqid@example.org,9413427750,Dubai,2025-10-10
CUST-10323,Darika Singhal,mitalimani@example.net,07790480608,Abu Dhabi,2025-06-08
CUST-10324,Sara Kapadia,varenyavarty@example.net,+919664398118,Dubai,2025-09-30
CUST-10325,Meghana Shere,balendrasarna@example.net,+916597595010,Dubai,2026-08-11
CUST-10326,Anusha Mane,vinayagera@example.net,07482923181,Dubai,2024-09-25
CUST-10327,Ikbal Ben,ekant@example.com,01363196186,Abu Dhabi,2025-08-04
CUST-10328,Jagdish Golla,jackson46@example.org,+919002325806,Sharjah,2026-07-23
CUST-10329,Isha Chaudhary,munshigarima@example.net,+916945431604,Sharjah,2025-11-07
CUST-10330,Baljiwan Sehgal,kalawridesh@example.com,5571852127,Abu Dhabi,2025-07-09
CUST-10331,Utkarsh Bandi,aayush70@example.org,+915558466101,Ajman,2024-12-27
CUST-10332,Sarthak Behl,omand@example.com,7818180832,Sharjah,2026-04-08
CUST-10333,Adweta Sidhu,udarshhayer@example.net,+910648039921,Ajman,2024-11-08
CUST-10334,Vedant Prakash,samesh14@example.org,+914920901146,Dubai,2025-05-08
CUST-10335,Oviya Walia,warjascheema@example.org,06947076992,Dubai,2025-01-13
CUST-10336,Karan Sridhar,khoslaojasvi@example.org,07381649643,Abu Dhabi,2025-12-01
CUST-10337,Pavani Kurian,mittalwyatt@example.com,+912797930796,Ajman,2025-03-07
CUST-10338,David Ben,chaaya49@example.com,00867739671,Ajman,2025-04-28
CUST-10339,George Loyal,chaitanya55@example.org,+911247903942,Dubai,2024-12-11
CUST-10340,Advik Swamy,gandhilohit@example.com,06830387352,Dubai,2026-04-13
CUST-10341,Orinder Palla,megha35@example.net,4487036727,Dubai,2025-05-25
CUST-10342,Aahana Shere,dakshaboase@example.com,05424856732,Dubai,2025-07-14
CUST-10343,Upkaar Dara,ktak@example.com,+911366134802,Abu Dhabi,2026-03-30
CUST-10344,Maya Singh,shivanirao@example.com,+913939122283,Dubai,2026-07-24
CUST-10345,Zansi Chatterjee,pchander@example.org,2578145000,Abu Dhabi,2025-02-27
CUST-10346,Krishna Dugar,ekanibala@example.net,+915062062352,Sharjah,2025-05-07
CUST-10347,Jackson Saini,asura@example.net,+918162530976,Dubai,2026-03-08
CUST-10348,Ekani Morar,osharau@example.com,+910199087875,Abu Dhabi,2026-03-11
CUST-10349,Bhavya Wable,gardenisha@example.net,+911242290439,Ajman,2025-06-19
CUST-10350,Yuvraj Choudhry,lchad@example.org,04332246566,Ajman,2026-01-28
CUST-10351,Advay Amble,shankaryachana@example.net,9843573863,Dubai,2025-08-23
CUST-10352,Arunima Baria,dalalzaid@example.com,7687609950,Dubai,2025-08-29
CUST-10353,Sudiksha Ghosh,trivenibakshi@example.com,6870147621,Abu Dhabi,2026-06-02
CUST-10354,Eesha Sundaram,farhan20@example.org,+917627220849,Abu Dhabi,2025-09-19
CUST-10355,Zarna Verma,zilmil48@example.net,01400777181,Ajman,2026-09-11
CUST-10356,Ladli Ganguly,kbaria@example.com,+913170524747,Dubai,2026-01-12
CUST-10357,Dayita Handa,cherianreva@example.net,+917440843879,Ajman,2026-09-22
CUST-10358,Girik Parekh,odhar@example.net,+917510741263,Dubai,2025-08-12
CUST-10359,Bakhshi Sem,charvi13@example.net,3910212377,Abu Dhabi,2025-01-04
CUST-10360,Vritti Pradhan,karpesneha@example.com,7927147593,Sharjah,2026-04-10
CUST-10361,Veer Chandran,chameliravel@example.net,01513542767,Abu Dhabi,2025-02-02
CUST-10362,Faris Rajagopal,darayashawini@example.com,04289518404,Sharjah,2025-10-15
CUST-10363,Vedant Purohit,niharikavarkey@example.org,+910115483024,Ajman,2026-01-03
CUST-10364,Vedhika Brar,buchgabriel@example.com,0021226670,Abu Dhabi,2026-03-15
CUST-10365,Bhavini Vasa,ayush67@example.net,05097750682,Dubai,2024-11-21
CUST-10366,Rachana Garg,nbhalla@example.net,06037481576,Ajman,2025-07-18
CUST-10367,Qabil Chand,leenabhatnagar@example.com,1297890479,Dubai,2024-09-28
CUST-10368,Harinakshi Chawla,vrishtibajwa@example.org,5823093829,Sharjah,2025-08-27
CUST-10369,Ladli Deo,kapurkrisha@example.org,05233717571,Ajman,2024-11-06
CUST-10370,Balvan Tandon,chowdhuryaashi@example.net,6780550355,Ajman,2026-09-02
CUST-10371,Avi Sodhi,rachana93@example.org,+916933392637,Sharjah,2025-01-30
CUST-10372,Pooja Apte,guptachatura@example.com,09999972006,Ajman,2026-03-23
CUST-10373,Kavya Seth,praneel44@example.net,+910266566939,Abu Dhabi,2026-05-06
CUST-10374,Wishi Deo,fram@example.org,3810804253,Ajman,2025-11-01
CUST-10375,Jagdish Grewal,rayniharika@example.org,3628446279,Dubai,2024-11-16
CUST-10376,Naksh Jha,udyatiissac@example.com,+916857590691,Dubai,2025-02-15
CUST-10377,Isha Datta,henrychoudhry@example.net,03926808198,Sharjah,2025-05-12
CUST-10378,Oviya Goda,vnadkarni@example.net,6811689072,Dubai,2025-07-05
CUST-10379,Upasna Solanki,sainihamsini@example.com,05418636301,Ajman,2025-03-23
CUST-10380,Nimrat Parmar,fdasgupta@example.net,+910320355280,Dubai,2025-02-24
CUST-10381,Sudiksha Mitra,adya70@example.com,3337734322,Dubai,2026-06-02
CUST-10382,Turvi Jha,randhawaekapad@example.net,+918728260488,Dubai,2026-02-04
CUST-10383,Aahana Handa,hiteshmallick@example.com,4795165504,Dubai,2026-08-28
CUST-10384,Gabriel Nair,atharv17@example.org,7866750539,Ajman,2024-11-29
CUST-10385,David Nayar,nagarajaneiravati@example.net,00735916389,Sharjah,2025-09-02
CUST-10386,Advaith Varty,aarnavmani@example.net,1537054807,Abu Dhabi,2026-07-25
CUST-10387,Sanya Issac,nrattan@example.org,0380563645,Sharjah,2026-05-06
CUST-10388,Waida Bedi,bhargavachatura@example.com,06097166076,Sharjah,2026-08-24
CUST-10389,Jason Krishna,xiti89@example.com,06139030179,Abu Dhabi,2026-05-24
CUST-10390,Ayush Agrawal,omyadate@example.org,+916412025304,Abu Dhabi,2026-04-30
CUST-10391,Sarthak Khurana,dixitranbir@example.org,02874592120,Sharjah,2025-01-25
CUST-10392,Upkaar Master,varshamerchant@example.org,6164447668,Sharjah,2024-12-11
CUST-10393,Sai Nath,ojaspandit@example.org,9017798725,Dubai,2025-05-17
CUST-10394,Faqid Ben,radhakrishnanchaitaly@example.net,+914437921901,Abu Dhabi,2025-06-29
CUST-10395,Saksham Dalal,tnayak@example.net,6556294850,Dubai,2025-04-09
CUST-10396,Qadim Virk,xitimanne@example.org,06443060279,Abu Dhabi,2025-10-28
CUST-10397,Jatin Rana,jhalak35@example.net,09976687720,Dubai,2025-11-14
CUST-10398,Mohini Ratta,itara@example.net,4714240249,Ajman,2025-03-05
CUST-10399,Benjamin Oza,zgera@example.org,+918532888427,Abu Dhabi,2026-05-16
CUST-10400,Lakshmi Sundaram,agatelajita@example.net,+919638161071,Abu Dhabi,2025-09-02
CUST-10401,Benjamin Kibe,brahmbhattvictor@example.net,+917020349786,Sharjah,2026-09-11
CUST-10402,Jason Purohit,mitali55@example.org,+911347901530,Sharjah,2025-03-11
CUST-10403,Benjamin Bhatia,balvan17@example.net,+919342606815,Ajman,2026-04-25
CUST-10404,Chaitaly Jani,tanmayimani@example.com,+917883824380,Abu Dhabi,2026-02-16
CUST-10405,Divya Krishnan,ichandra@example.org,+916082625233,Abu Dhabi,2026-09-18
CUST-10406,Pushti Wable,ryanpandey@example.org,3873233696,Ajman,2025-02-22
CUST-10407,Utkarsh Sagar,sameshswaminathan@example.net,+919963141360,Dubai,2026-04-28
CUST-10408,Aachal Kuruvilla,gautami79@example.org,00726700124,Dubai,2026-01-11
CUST-10409,Agastya Krishna,osalvi@example.com,+919655696341,Sharjah,2026-07-06
CUST-10410,Wyatt Seshadri,yashoda88@example.org,03665528028,Sharjah,2025-03-26
CUST-10411,Hitesh Dalal,darika76@example.net,6176877030,Abu Dhabi,2026-01-31
CUST-10412,Jason Raj,zgera@example.org,+918597219960,Dubai,2025-08-18
CUST-10413,Wyatt Swaminathan,janani84@example.org,+914698803719,Dubai,2026-01-09
CUST-10414,Aayush Mand,uvora@example.com,0448348215,Ajman,2026-04-01
CUST-10415,Rachana Magar,williammukherjee@example.net,7533438357,Dubai,2026-01-24
CUST-10416,Yauvani Kar,ryankara@example.net,09991417587,Ajman,2025-04-11
CUST-10417,Yashvi Soman,qsachdev@example.com,1916531732,Ajman,2025-01-14
CUST-10418,Harita Badami,biswaszaitra@example.com,7710719146,Abu Dhabi,2025-11-30
CUST-10419,Harsh Walla,simon37@example.net,+912476982290,Dubai,2026-01-11
CUST-10420,Indrajit Sampath,amruta76@example.net,+912427656795,Sharjah,2025-09-14
CUST-10421,Frederick Pillai,joshua10@example.com,09785028108,Sharjah,2025-03-08
CUST-10422,Pratyush Upadhyay,samuel45@example.com,+919164393114,Ajman,2026-07-15
CUST-10423,Matthew Maharaj,pratyush00@example.org,+910833622854,Sharjah,2026-04-14
CUST-10424,Zehaan D’Alia,fnaidu@example.com,01825910758,Sharjah,2024-10-14
CUST-10425,Zarna Bobal,anamika03@example.org,8050972857,Dubai,2026-06-13
CUST-10426,Vedika Ramachandran,magaranjali@example.com,02535569854,Sharjah,2025-03-28
CUST-10427,Victor Palan,yagnesh15@example.org,5124663910,Sharjah,2026-08-23
CUST-10428,Bhavani Jha,yashvi85@example.org,00968105956,Ajman,2025-06-10
CUST-10429,Umang Baral,christopher71@example.org,+915067801207,Abu Dhabi,2025-07-02
CUST-10430,Ekani Chadha,lalaria@example.com,+917066824737,Abu Dhabi,2026-07-23
CUST-10431,Aarav Ganguly,jkorpal@example.org,5230867974,Sharjah,2026-07-02
CUST-10432,Advik Edwin,qdhawan@example.net,+913847400808,Abu Dhabi,2025-03-29
CUST-10433,Chaitanya Dutta,jyotilata@example.net,01640154489,Dubai,2025-01-03
CUST-10434,Onveer Cherian,bariaagastya@example.net,+911031542529,Sharjah,2025-07-10
CUST-10435,Isha Bahri,cgala@example.net,+911652782058,Abu Dhabi,2025-12-21
CUST-10436,Abhimanyu Bir,mkumer@example.org,+919358805284,Sharjah,2024-12-01
CUST-10437,Rachana Ramachandran,qboase@example.org,2816414526,Ajman,2026-04-19
CUST-10438,Niharika Kapadia,peterkeer@example.net,+913398351311,Sharjah,2024-10-31
CUST-10439,Hredhaan Talwar,manderwyatt@example.com,4890039116,Abu Dhabi,2024-12-07
CUST-10440,Keya Dixit,kmutti@example.com,7733466622,Sharjah,2025-11-01
CUST-10441,Mugdha Rao,unnatisodhi@example.com,+914576641822,Dubai,2026-08-09
CUST-10442,Ubika Hora,christophermohanty@example.org,3827004773,Dubai,2025-08-07
CUST-10443,Garima Sanghvi,murtyhardik@example.com,+910605225223,Sharjah,2026-04-03
CUST-10444,Chavvi Badami,xsinghal@example.net,5984562766,Dubai,2026-02-21
CUST-10445,Vaishnavi D’Alia,qabil62@example.com,07491575761,Dubai,2026-07-26
CUST-10446,Harita Pandya,fnarain@example.net,+918222213585,Sharjah,2026-06-14
CUST-10447,Daniel Balay,chandaamruta@example.com,0239646597,Dubai,2025-05-29
CUST-10448,Rajeshri Behl,chamelibehl@example.com,+915680941602,Sharjah,2024-10-01
CUST-10449,Dipta Zacharia,waglemohammed@example.com,4863536321,Ajman,2024-11-10
CUST-10450,Dhriti Dara,traghavan@example.org,02074881223,Abu Dhabi,2025-09-12
CUST-10451,Oscar Shroff,ekapad89@example.com,3571579961,Ajman,2026-06-20
CUST-10452,Om Mane,warhi13@example.com,05970771807,Dubai,2026-09-05
CUST-10453,Vritti Edwin,rmadan@example.org,+919629129749,Abu Dhabi,2025-03-26
CUST-10454,Jeet Khatri,ipanchal@example.org,06483330848,Ajman,2025-01-15
CUST-10455,Benjamin Pandya,ppatel@example.org,3563437414,Sharjah,2026-02-19
CUST-10456,Yashasvi Rajan,nrattan@example.net,07553081702,Sharjah,2026-08-16
CUST-10457,Anjali Tripathi,mohini46@example.com,4859676307,Ajman,2026-06-12
CUST-10458,Jalsa Chakraborty,dev25@example.net,04524601467,Abu Dhabi,2026-03-25
CUST-10459,Jairaj Cheema,nchakraborty@example.com,08244731423,Dubai,2026-07-23
CUST-10460,Damini Balan,gaurikabose@example.net,5206821345,Ajman,2024-11-19
CUST-10461,Triya Thaker,ronithjayaraman@example.net,1163144906,Abu Dhabi,2025-12-21
CUST-10462,Bishakha Kashyap,qbhatt@example.com,09877592393,Dubai,2024-12-06
CUST-10463,Warinder Dara,bishakha28@example.com,09849219389,Ajman,2025-03-17
CUST-10464,Yuvraj Ray,lkrishna@example.org,06627324230,Abu Dhabi,2025-11-08
CUST-10465,Theodore Kothari,adya98@example.net,03049620877,Abu Dhabi,2026-07-11
CUST-10466,Jeet Sahni,abhiram77@example.com,+918230713769,Dubai,2025-07-19
CUST-10467,Inaya Pathak,abhiram96@example.com,06389927617,Abu Dhabi,2026-01-28
CUST-10468,Daniel Tailor,jairaj68@example.net,09001254039,Abu Dhabi,2025-10-20
CUST-10469,Sanaya Sani,znagi@example.com,02769142867,Ajman,2025-08-13
CUST-10470,Chaaya Kunda,prau@example.com,6014815569,Ajman,2025-05-06
CUST-10471,Deepa Nagar,vasanashankar@example.com,9670481720,Abu Dhabi,2025-08-03
CUST-10472,Anthony Loyal,amblecharita@example.com,00623240893,Dubai,2025-05-10
CUST-10473,Omkaar Balasubramanian,darikadivan@example.net,07002901056,Dubai,2026-09-12
CUST-10474,Abhiram Vig,ebala@example.org,+912515184850,Sharjah,2026-05-28
CUST-10475,Mahika Dara,upmabiswas@example.net,5435192921,Dubai,2026-07-21
CUST-10476,Vidhi Mandal,turvi04@example.com,5470852043,Abu Dhabi,2025-03-25
CUST-10477,Farhan Chatterjee,rishi05@example.org,+911096388831,Ajman,2025-01-13
CUST-10478,Ira Sarkar,chaitanya53@example.com,4445072217,Sharjah,2026-01-22
CUST-10479,Kevin Bail,mitalikrishna@example.net,02509732078,Ajman,2026-06-29
CUST-10480,Kritika Mammen,chakrabortyoscar@example.org,02816999435,Dubai,2025-02-04
CUST-10481,Jagat Sabharwal,batrazaitra@example.com,+911309951695,Dubai,2025-12-02
CUST-10482,Hemani Mand,baradvivaan@example.net,+916121060887,Abu Dhabi,2025-01-19
CUST-10483,Ucchal Rai,bseshadri@example.net,+914926418452,Sharjah,2024-09-25
CUST-10484,Dalaja Mahajan,aryaanya@example.net,+914521958076,Sharjah,2026-03-14
CUST-10485,Sanya Sama,adwetaradhakrishnan@example.com,05769296790,Dubai,2025-09-23
CUST-10486,Yauvani Thakur,palljeremiah@example.com,+912331579125,Abu Dhabi,2025-10-31
CUST-10487,Irya Mander,gokhaledarpan@example.com,8386152672,Sharjah,2025-08-10
CUST-10488,Harshil Ranganathan,pranavgade@example.com,03672551321,Abu Dhabi,2025-12-06
CUST-10489,Abeer Sengupta,sulevarsha@example.org,09667058497,Abu Dhabi,2026-02-03
CUST-10490,Girik Singh,tgupta@example.com,00314668474,Sharjah,2024-10-02
CUST-10491,Udyati Chaudhuri,wbadami@example.org,09262781733,Dubai,2024-12-08
CUST-10492,Caleb Mahajan,fmishra@example.org,+918565249034,Abu Dhabi,2025-04-08
CUST-10493,Utkarsh Sarkar,ranveerramakrishnan@example.org,+910931842324,Abu Dhabi,2025-05-23
CUST-10494,Raksha Pillai,erastogi@example.org,0614824105,Dubai,2026-01-15
CUST-10495,Gopal Chaudry,wazirbatra@example.net,3039366933,Ajman,2026-08-09
CUST-10496,Ikbal Nath,farajrajagopalan@example.org,1205511831,Sharjah,2024-10-30
CUST-10497,Anirudh Parmar,garavritti@example.net,09220189190,Abu Dhabi,2025-09-24
CUST-10498,Madhav Pingle,rajanpooja@example.org,04288955722,Abu Dhabi,2025-11-25
CUST-10499,Damini Vyas,cherianshivansh@example.net,2809464658,Dubai,2026-04-26
