review_id,order_id,customer_id,restaurant_id,review_text,rating,review_timestamp
REV-000002,ORD-20260330-114098,CUST-10427,REST-DXB-002,Exceptional quality! Ordered Butter Chicken  Butter Naan  Lamb Rogan Josh  Gulab Jamun (2 pcs)  and Vegetable Biryani and everything was delicious. The Butter Naan melted in my mouth. Perfect!,5,2026-04-02T20:34:12.318695
REV-000001,ORD-20260330-167375,CUST-10005,REST-AUH-001,Poor experience. Tandoori Roti  Palak Paneer  and Kulfi were disappointing. Kulfi was burnt on the edges. Very unhappy.,2,2026-04-05T15:53:02.318695
REV-000005,ORD-20260411-642238,CUST-10415,REST-DXB-002,Wow! Just wow! Palak Paneer  Butter Chicken  and Malai Kofta were all fantastic. Palak Paneer was particularly memorable. Can't wait to order again!,5,2026-04-12T11:19:05.318695
REV-000004,ORD-20260408-315570,CUST-10071,REST-AUH-002,Perfect in every way! Butter Chicken and Chicken 65 were all excellent. Butter Chicken stood out with its rich  authentic taste.,5,2026-04-12T20:00:00.318695
REV-000003,ORD-20260408-789534,CUST-10438,REST-SHJ-001,Incredible meal! Mango Lassi and Chole Bhature arrived hot and fresh. The Mango Lassi was absolutely divine. Highly satisfied!,5,2026-04-14T12:13:32.318695
REV-000006,ORD-20260412-744641,CUST-10186,REST-DXB-002,Mediocre. Fish Curry were fine but forgettable. Fish Curry didn't stand out.,3,2026-04-17T17:47:36.318695
REV-000008,ORD-20260414-998705,CUST-10414,REST-DXB-001,Very satisfied! Chicken Biryani were fresh and flavorful. Chicken Biryani was the standout dish.,4,2026-04-18T20:01:21.318695
REV-000007,ORD-20260413-411204,CUST-10335,REST-DXB-002,Below expectations. Gajar Halwa  Kulfi  Samosa (2 pcs)  and Tandoori Roti were underwhelming. Samosa (2 pcs) was overcooked and dry.,2,2026-04-18T20:02:11.318695
REV-000011,ORD-20260417-781400,CUST-10247,REST-SHJ-001,Exceptional quality! Ordered Butter Naan  Jeera Rice  Kulfi  and Chicken 65 and everything was delicious. The Jeera Rice melted in my mouth. Perfect!,5,2026-04-19T22:32:46.318695
REV-000010,ORD-20260416-106721,CUST-10094,REST-SHJ-001,Average experience. Paneer Butter Masala  Samosa (2 pcs)  Naan  Rasmalai (2 pcs)  and Gajar Halwa were fine but Rasmalai (2 pcs) was a bit bland. Room for improvement.,3,2026-04-21T13:24:20.318695
REV-000012,ORD-20260418-735631,CUST-10202,REST-DXB-001,Expected better. Butter Chicken  Chicken 65  Paneer Butter Masala  Fish Curry  and Rasmalai (2 pcs) were subpar. Paneer Butter Masala was too oily and greasy. Stomach upset followed.,2,2026-04-21T13:42:31.318695
REV-000009,ORD-20260415-182595,CUST-10052,REST-SHJ-001,Hands down the best Naan I've ever had! Fish Curry  Vegetable Biryani  and Naan were all prepared beautifully. Fresh and flavorful!,5,2026-04-22T12:48:23.318695
REV-000013,ORD-20260418-228274,CUST-10320,REST-DXB-002,Pleasant meal! Paneer Butter Masala and Fresh Lime Soda arrived warm. Fresh Lime Soda was tasty though not exceptional. Would order again.,4,2026-04-22T21:01:07.318695
REV-000017,ORD-20260429-382817,CUST-10430,REST-SHJ-001,Really good Vegetable Biryani  Fish Curry  Kulfi  and Jeera Rice! The Vegetable Biryani was delicious. Slight delay in delivery but food quality made up for it.,4,2026-04-30T10:48:23.318695
REV-000014,ORD-20260425-730634,CUST-10415,REST-DXB-001,Enjoyed the Garlic Naan  Butter Naan  Fresh Lime Soda  Malai Kofta  and Tandoori Roti! Malai Kofta was very good. Portion sizes were generous. Recommend!,4,2026-04-30T11:45:57.318695
REV-000016,ORD-20260426-281144,CUST-10271,REST-AUH-002,Absolutely amazing Chicken Seekh Kebab! The Chicken Seekh Kebab was cooked to perfection. Fresh ingredients and authentic flavors. Highly recommend!,5,2026-05-01T14:43:29.318695
REV-000015,ORD-20260425-513658,CUST-10310,REST-DXB-002,Best Indian food in UAE! Lamb Rogan Josh  Paneer Butter Masala  Gajar Halwa  and Butter Chicken were incredible. Gajar Halwa had the perfect balance of spices. Five stars!,5,2026-05-02T13:30:09.318695
REV-000018,ORD-20260430-387180,CUST-10349,REST-AUH-002,Pleasant meal! Butter Naan  Mango Lassi  Butter Chicken  and Paneer Butter Masala arrived warm. Mango Lassi was tasty though not exceptional. Would order again.,4,2026-05-05T20:38:00.318695
REV-000020,ORD-20260504-835051,CUST-10378,REST-AUH-002,Exceptional quality! Ordered Chicken Tikka Masala  Chicken Biryani  Butter Chicken  and Sweet Lassi and everything was delicious. The Chicken Tikka Masala melted in my mouth. Perfect!,5,2026-05-06T14:00:11.318695
REV-000019,ORD-20260501-786092,CUST-10288,REST-DXB-002,Solid experience. Chicken Biryani  Aloo Tikki Chaat  and Masala Chai were well-prepared. Aloo Tikki Chaat had great flavor. Minor issues with packaging.,4,2026-05-06T16:05:16.318695
REV-000021,ORD-20260506-692629,CUST-10413,REST-AUH-002,Mediocre. Rasmalai (2 pcs) and Gajar Halwa were fine but forgettable. Gajar Halwa didn't stand out.,3,2026-05-07T19:10:10.318695
REV-000023,ORD-20260507-736154,CUST-10451,REST-SHJ-001,Great food overall. Gajar Halwa  Gulab Jamun (2 pcs)  Paneer Butter Masala  and Rasmalai (2 pcs) were tasty  especially the Gulab Jamun (2 pcs). Would order again!,4,2026-05-08T22:04:55.318695
REV-000022,ORD-20260507-384074,CUST-10172,REST-SHJ-001,Enjoyed the Chicken Seekh Kebab  Lamb Rogan Josh  and Naan! Lamb Rogan Josh was very good. Portion sizes were generous. Recommend!,4,2026-05-09T18:38:41.318695
REV-000024,ORD-20260514-246491,CUST-10026,REST-DXB-002,Great food overall. Sweet Lassi  Fish Curry  Kulfi  Palak Paneer  and Vegetable Biryani were tasty  especially the Kulfi. Would order again!,4,2026-05-16T14:21:33.318695
REV-000025,ORD-20260515-796340,CUST-10385,REST-AUH-001,Good quality food. Masala Chai  Jeera Rice  and Chicken 65 were nicely done. Jeera Rice could have been slightly spicier but still good!,4,2026-05-17T19:29:43.318695
REV-000027,ORD-20260518-614823,CUST-10381,REST-AUH-002,Enjoyed the Aloo Tikki Chaat  Gulab Jamun (2 pcs)  Kulfi  and Mango Lassi! Kulfi was very good. Portion sizes were generous. Recommend!,4,2026-05-19T12:46:24.318695
REV-000026,ORD-20260518-403138,CUST-10362,REST-DXB-002,Exceptional quality! Ordered Gajar Halwa  Chicken Tikka Masala  and Naan and everything was delicious. The Naan melted in my mouth. Perfect!,5,2026-05-20T10:01:20.318695
REV-000028,ORD-20260519-722529,CUST-10110,REST-SHJ-001,Not good. Paneer Tikka and Vegetable Biryani arrived late and cold. Vegetable Biryani had barely any flavor. Poor quality.,2,2026-05-21T16:33:34.318695
REV-000029,ORD-20260522-657853,CUST-10099,REST-DXB-001,Hands down the best Fresh Lime Soda I've ever had! Fresh Lime Soda were all prepared beautifully. Fresh and flavorful!,5,2026-05-24T11:57:08.318695
REV-000030,ORD-20260522-713075,CUST-10116,REST-SHJ-001,Outstanding experience! The Mango Lassi  Chicken Tikka Masala  and Butter Naan exceeded all expectations. Butter Naan was the star of the meal. Will definitely order again!,5,2026-05-29T16:48:00.318695
REV-000031,ORD-20260522-305081,CUST-10096,REST-AUH-002,Pleasant meal! Dal Makhani  Chicken Biryani  Naan  Chicken 65  and Butter Naan arrived warm. Butter Naan was tasty though not exceptional. Would order again.,4,2026-05-29T20:42:03.318695
REV-000032,ORD-20260529-452344,CUST-10473,REST-DXB-001,Not bad  not great. Chole Bhature and Naan were edible. Naan needed more seasoning.,3,2026-05-30T18:59:18.318695
REV-000033,ORD-20260606-457797,CUST-10258,REST-SHJ-001,Really good Chicken Biryani  Chole Bhature  and Butter Naan! The Butter Naan was delicious. Slight delay in delivery but food quality made up for it.,4,2026-06-09T17:39:45.318695
REV-000034,ORD-20260608-325848,CUST-10345,REST-AUH-001,Disappointed with Fish Curry and Samosa (2 pcs). Fish Curry was cold when it arrived. Not worth the money.,2,2026-06-12T14:40:50.318695
REV-000036,ORD-20260611-821114,CUST-10282,REST-AUH-001,Unsatisfactory. Chicken Tikka Masala were not fresh. Chicken Tikka Masala tasted reheated. Won't order again.,2,2026-06-12T14:47:20.318695
REV-000035,ORD-20260610-869420,CUST-10474,REST-AUH-002,Incredible meal! Vegetable Biryani  Dal Makhani  Kulfi  Masala Chai  and Gajar Halwa arrived hot and fresh. The Masala Chai was absolutely divine. Highly satisfied!,5,2026-06-17T15:51:10.318695
REV-000038,ORD-20260616-983461,CUST-10221,REST-AUH-002,Outstanding experience! The Palak Paneer  Gulab Jamun (2 pcs)  Chicken Tikka Masala  and Mango Lassi exceeded all expectations. Mango Lassi was the star of the meal. Will definitely order again!,5,2026-06-21T22:50:38.318695
REV-000039,ORD-20260618-107263,CUST-10213,REST-AUH-002,Unsatisfactory. Garlic Naan  Masala Chai  Chicken Seekh Kebab  Chole Bhature  and Butter Naan were not fresh. Masala Chai tasted reheated. Won't order again.,2,2026-06-22T11:33:06.318695
REV-000037,ORD-20260616-307802,CUST-10177,REST-SHJ-001,Absolutely amazing Butter Chicken  Chicken 65  Lamb Rogan Josh  Rasmalai (2 pcs)  and Fish Curry! The Lamb Rogan Josh was cooked to perfection. Fresh ingredients and authentic flavors. Highly recommend!,5,2026-06-22T19:45:20.318695
REV-000041,ORD-20260619-156249,CUST-10209,REST-DXB-002,Great food overall. Vegetable Biryani  Kulfi  and Mango Lassi were tasty  especially the Kulfi. Would order again!,4,2026-06-23T14:27:10.318695
REV-000040,ORD-20260618-367750,CUST-10368,REST-AUH-001,Wow! Just wow! Tandoori Roti were all fantastic. Tandoori Roti was particularly memorable. Can't wait to order again!,5,2026-06-25T14:16:26.318695
REV-000042,ORD-20260620-153071,CUST-10366,REST-DXB-002,Wow! Just wow! Tandoori Roti  Lamb Rogan Josh  Chicken 65  Kulfi  and Dal Makhani were all fantastic. Dal Makhani was particularly memorable. Can't wait to order again!,5,2026-06-27T12:54:06.318695
REV-000043,ORD-20260630-415611,CUST-10133,REST-AUH-002,Hands down the best Gulab Jamun (2 pcs) I've ever had! Sweet Lassi  Gulab Jamun (2 pcs)  Paneer Butter Masala  Chicken 65  and Mango Lassi were all prepared beautifully. Fresh and flavorful!,5,2026-07-06T12:29:27.318695
REV-000046,ORD-20260707-408801,CUST-10267,REST-AUH-001,Incredible meal! Chicken Seekh Kebab  Paneer Butter Masala  and Chicken Tikka Masala arrived hot and fresh. The Chicken Tikka Masala was absolutely divine. Highly satisfied!,5,2026-07-09T18:18:37.318695
REV-000044,ORD-20260707-840894,CUST-10375,REST-AUH-002,Incredible meal! Malai Kofta arrived hot and fresh. The Malai Kofta was absolutely divine. Highly satisfied!,5,2026-07-12T14:51:35.318695
REV-000045,ORD-20260707-998027,CUST-10272,REST-DXB-002,Pleasant meal! Fish Curry  Naan  Samosa (2 pcs)  Kulfi  and Palak Paneer arrived warm. Palak Paneer was tasty though not exceptional. Would order again.,4,2026-07-13T15:51:25.318695
REV-000047,ORD-20260710-732838,CUST-10343,REST-AUH-002,Poor experience. Gulab Jamun (2 pcs) were disappointing. Gulab Jamun (2 pcs) was burnt on the edges. Very unhappy.,2,2026-07-13T17:15:52.318695
REV-000052,ORD-20260716-931826,CUST-10241,REST-DXB-002,Outstanding experience! The Dal Makhani exceeded all expectations. Dal Makhani was the star of the meal. Will definitely order again!,5,2026-07-17T14:39:14.318695
REV-000049,ORD-20260714-760303,CUST-10131,REST-SHJ-001,Perfect in every way! Chicken Seekh Kebab  Paneer Butter Masala  Chicken 65  Jeera Rice  and Samosa (2 pcs) were all excellent. Samosa (2 pcs) stood out with its rich  authentic taste.,5,2026-07-18T17:33:39.318695
REV-000048,ORD-20260713-154199,CUST-10043,REST-DXB-002,Really good Fish Curry and Mango Lassi! The Mango Lassi was delicious. Slight delay in delivery but food quality made up for it.,4,2026-07-19T21:24:24.318695
REV-000053,ORD-20260718-872350,CUST-10101,REST-DXB-002,Hands down the best Paneer Tikka I've ever had! Kulfi  Paneer Butter Masala  Gulab Jamun (2 pcs)  Paneer Tikka  and Gajar Halwa were all prepared beautifully. Fresh and flavorful!,5,2026-07-20T11:27:06.318695
REV-000051,ORD-20260716-886503,CUST-10467,REST-SHJ-001,Perfect in every way! Samosa (2 pcs) and Chicken Biryani were all excellent. Samosa (2 pcs) stood out with its rich  authentic taste.,5,2026-07-20T11:29:03.318695
REV-000050,ORD-20260715-975333,CUST-10436,REST-SHJ-001,Best Indian food in UAE! Paneer Tikka  Tandoori Roti  Chicken 65  Gulab Jamun (2 pcs)  and Garlic Naan were incredible. Chicken 65 had the perfect balance of spices. Five stars!,5,2026-07-22T15:52:16.318695
REV-000056,ORD-20260726-381154,CUST-10395,REST-SHJ-001,Exceptional quality! Ordered Butter Chicken  Kulfi  Lamb Rogan Josh  Fish Curry  and Gajar Halwa and everything was delicious. The Lamb Rogan Josh melted in my mouth. Perfect!,5,2026-07-27T20:30:57.318695
REV-000055,ORD-20260723-898508,CUST-10106,REST-AUH-001,Very satisfied! Paneer Butter Masala  Aloo Tikki Chaat  and Chicken Seekh Kebab were fresh and flavorful. Chicken Seekh Kebab was the standout dish.,4,2026-07-28T12:41:08.318695
REV-000054,ORD-20260721-180834,CUST-10258,REST-DXB-001,Outstanding experience! The Palak Paneer  Tandoori Roti  Gulab Jamun (2 pcs)  and Malai Kofta exceeded all expectations. Tandoori Roti was the star of the meal. Will definitely order again!,5,2026-07-28T16:39:59.318695
REV-000057,ORD-20260728-333020,CUST-10304,REST-DXB-001,Hands down the best Chole Bhature I've ever had! Chole Bhature  Vegetable Biryani  and Tandoori Roti were all prepared beautifully. Fresh and flavorful!,5,2026-08-02T16:38:15.318695
REV-000059,ORD-20260730-896129,CUST-10272,REST-AUH-002,Outstanding experience! The Tandoori Roti  Kulfi  and Butter Naan exceeded all expectations. Kulfi was the star of the meal. Will definitely order again!,5,2026-08-03T16:54:13.318695
REV-000058,ORD-20260730-748970,CUST-10217,REST-AUH-002,Not bad  not great. Chicken Tikka Masala  Aloo Tikki Chaat  and Fresh Lime Soda were edible. Chicken Tikka Masala needed more seasoning.,3,2026-08-05T16:49:38.318695
REV-000062,ORD-20260803-829332,CUST-10011,REST-AUH-001,Very satisfied! Chole Bhature and Gajar Halwa were fresh and flavorful. Chole Bhature was the standout dish.,4,2026-08-06T12:46:11.318695
REV-000063,ORD-20260805-488853,CUST-10231,REST-SHJ-001,Outstanding experience! The Chicken 65  Gulab Jamun (2 pcs)  Fish Curry  Chicken Seekh Kebab  and Garlic Naan exceeded all expectations. Gulab Jamun (2 pcs) was the star of the meal. Will definitely order again!,5,2026-08-06T15:08:43.318695
REV-000060,ORD-20260730-302809,CUST-10203,REST-AUH-001,Best Indian food in UAE! Garlic Naan  Dal Makhani  Masala Chai  and Paneer Tikka were incredible. Dal Makhani had the perfect balance of spices. Five stars!,5,2026-08-06T17:24:57.318695
REV-000061,ORD-20260731-710207,CUST-10445,REST-SHJ-001,Hands down the best Chicken Seekh Kebab I've ever had! Samosa (2 pcs)  Chicken Tikka Masala  Sweet Lassi  and Chicken Seekh Kebab were all prepared beautifully. Fresh and flavorful!,5,2026-08-07T19:43:04.318695
REV-000064,ORD-20260814-391734,CUST-10036,REST-AUH-002,Hands down the best Aloo Tikki Chaat I've ever had! Aloo Tikki Chaat were all prepared beautifully. Fresh and flavorful!,5,2026-08-15T18:26:09.318695
REV-000065,ORD-20260814-229927,CUST-10116,REST-DXB-002,Enjoyed the Sweet Lassi! Sweet Lassi was very good. Portion sizes were generous. Recommend!,4,2026-08-21T19:14:53.318695
REV-000066,ORD-20260821-315560,CUST-10483,REST-DXB-002,Outstanding experience! The Dal Makhani  Vegetable Biryani  Rasmalai (2 pcs)  and Chicken Seekh Kebab exceeded all expectations. Vegetable Biryani was the star of the meal. Will definitely order again!,5,2026-08-22T16:18:52.318695
REV-000067,ORD-20260823-263365,CUST-10413,REST-DXB-001,Mediocre. Jeera Rice  Malai Kofta  Chicken Biryani  and Dal Makhani were fine but forgettable. Malai Kofta didn't stand out.,3,2026-08-27T19:32:42.318695
REV-000068,ORD-20260826-858169,CUST-10285,REST-SHJ-001,Absolutely horrible! Naan and Paneer Butter Masala arrived ice cold after 2 hour delay. Naan was spoiled. Disgusting!,1,2026-08-30T19:20:34.318695
REV-000071,ORD-20260830-969605,CUST-10100,REST-DXB-002,Perfect in every way! Sweet Lassi and Paneer Butter Masala were all excellent. Paneer Butter Masala stood out with its rich  authentic taste.,5,2026-08-31T19:38:27.318695
REV-000070,ORD-20260828-824237,CUST-10194,REST-DXB-002,Decent food but nothing special. Fresh Lime Soda were okay. Fresh Lime Soda lacked the punch I expected.,3,2026-09-01T12:12:38.318695
REV-000069,ORD-20260827-108608,CUST-10453,REST-SHJ-001,Solid experience. Chicken Biryani were well-prepared. Chicken Biryani had great flavor. Minor issues with packaging.,4,2026-09-02T11:41:03.318695
REV-000072,ORD-20260901-373922,CUST-10177,REST-DXB-001,Below expectations. Garlic Naan  Chicken Seekh Kebab  and Gulab Jamun (2 pcs) were underwhelming. Chicken Seekh Kebab was overcooked and dry.,2,2026-09-06T11:05:51.318695
REV-000074,ORD-20260904-175800,CUST-10226,REST-DXB-002,Exceptional quality! Ordered Paneer Butter Masala and Gulab Jamun (2 pcs) and everything was delicious. The Gulab Jamun (2 pcs) melted in my mouth. Perfect!,5,2026-09-08T21:51:41.318695
REV-000073,ORD-20260904-616592,CUST-10188,REST-DXB-001,Below expectations. Chicken Tikka Masala and Gulab Jamun (2 pcs) were underwhelming. Gulab Jamun (2 pcs) was overcooked and dry.,2,2026-09-10T19:41:07.318695
REV-000079,ORD-20260909-587489,CUST-10053,REST-DXB-002,Best Indian food in UAE! Jeera Rice  Sweet Lassi  and Butter Naan were incredible. Sweet Lassi had the perfect balance of spices. Five stars!,5,2026-09-11T12:38:53.318695
REV-000078,ORD-20260908-903489,CUST-10405,REST-DXB-001,Solid experience. Mango Lassi were well-prepared. Mango Lassi had great flavor. Minor issues with packaging.,4,2026-09-11T17:59:07.318695
REV-000076,ORD-20260907-224950,CUST-10483,REST-DXB-001,Incredible meal! Malai Kofta  Garlic Naan  and Vegetable Biryani arrived hot and fresh. The Garlic Naan was absolutely divine. Highly satisfied!,5,2026-09-12T12:01:15.318695
REV-000077,ORD-20260907-353709,CUST-10256,REST-SHJ-001,Wow! Just wow! Fresh Lime Soda  Kulfi  Dal Makhani  Paneer Butter Masala  and Malai Kofta were all fantastic. Paneer Butter Masala was particularly memorable. Can't wait to order again!,5,2026-09-13T14:04:16.318695
REV-000075,ORD-20260906-730617,CUST-10395,REST-SHJ-001,Really good Kulfi and Mango Lassi! The Mango Lassi was delicious. Slight delay in delivery but food quality made up for it.,4,2026-09-13T16:24:10.318695
REV-000081,ORD-20260912-132056,CUST-10257,REST-SHJ-001,Exceptional quality! Ordered Garlic Naan and Masala Chai and everything was delicious. The Masala Chai melted in my mouth. Perfect!,5,2026-09-15T15:03:05.318695
REV-000080,ORD-20260910-911144,CUST-10381,REST-SHJ-001,Mediocre. Butter Chicken  Jeera Rice  and Masala Chai were fine but forgettable. Jeera Rice didn't stand out.,3,2026-09-16T18:49:01.318695
REV-000082,ORD-20260916-178136,CUST-10406,REST-DXB-001,Incredible meal! Lamb Rogan Josh  Gulab Jamun (2 pcs)  Chicken Seekh Kebab  Dal Makhani  and Paneer Tikka arrived hot and fresh. The Paneer Tikka was absolutely divine. Highly satisfied!,5,2026-09-18T14:43:41.318695
REV-000083,ORD-20260921-946063,CUST-10141,REST-AUH-001,Exceptional quality! Ordered Paneer Tikka and everything was delicious. The Paneer Tikka melted in my mouth. Perfect!,5,2026-09-25T14:30:30.318695
